,Anaerostipes caccae,Anaerotruncus colihominis,Bacteroides caccae,Bacteroides cellulosilyticus,Bacteroides coprocola,Bacteroides dorei,Bacteroides eggerthii,Bacteroides finegoldii (Alistipes finegoldii),Bacteroides fragilis,Bacteroides intestinalis,Bacteroides ovatus,Bacteroides pectinophilus,Bacteroides plebeius,Bacteroides stercoris,Bacteroides thetaiotaomicron,Bacteroides uniformis,Bacteroides vulgatus,Bacteroides xylanisolvens,Bifidobacterium adolescentis,Bifidobacterium animalis,Bifidobacterium bifidum,Bifidobacterium breve,Bifidobacterium catenulatum,Bifidobacterium dentium,"Bifidobacterium longum (Bifidobacterium infantis, Bifidobacterium suis)",Bifidobacterium pseudocatenulatum,Bilophila wadsworthia,Blautia hansenii (Ruminococcus hansenii),Blautia hydrogenotrophica (Ruminococcus hydrogenotrophicus),Butyrivibrio crossotus,Clostridium asparagiforme,Clostridium bartlettii,Clostridium bolteae,Clostridium cf,Clostridium difficile,Clostridium hathewayi,Clostridium hylemonae,Clostridium leptum,Clostridium nexile,Clostridium scindens,Clostridium symbiosum,Coprococcus catus,Coprococcus eutactus,Desulfovibrio desulfuricans,Desulfovibrio piger,Dorea formicigenerans,Escherichia coli,Eubacterium eligens,Eubacterium hallii,Eubacterium limosum,Eubacterium rectale,Eubacterium siraeum,Eubacterium ventriosum,Faecalibacterium prausnitzii,Fusobacterium nucleatum,Klebsiella pneumoniae,Klebsiella variicola,Lactobacillus acidophilus,Lactobacillus casei,Lactobacillus gasseri,Lactococcus lactis,Megasphaera micronuciformis,Methanobrevibacter smithii,Parabacteroides distasonis,Propionibacterium acnes,Proteus mirabilis,Roseburia intestinalis,Roseburia inulinivorans,Ruminococcus albus,Ruminococcus bromii,Ruminococcus flavefaciens,Shigella flexneri,Streptococcus salivarius,Streptococcus thermophilus,Veillonella atypica,Veillonella dispar,Veillonella parvula
0,,,1.7978528189822407,1.7978528195666805,,1.797852819039696,,,1.8128042551908838,,1.7978528197355952,,,,1.6654041514540643,1.7978528183744487,1.836282637898539,1.7978528199134562,,,,,,,,,,,,,,,1.2323671600364767,,,,,1.3990573774653858,,,,2.143433414519203,,1.745638115629387,,1.2323671600364767,1.924342001286902,2.247628189867663,2.1434334126592747,,2.237897610887352,2.2476281898676627,,2.261680769800612,,1.7992405033540468,,,,,2.4693369459934815,,,1.82346753987733,,,2.143433409426947,2.247628189867663,,,,,2.416623908993743,,,,1.4734349645886273
1,,,1.5098526590294368,1.5098526544493205,,,,,1.4791293170521398,,1.509852655752987,,,,1.3955795725245521,,1.5098526551599463,1.509852653960074,,,,,,,,,,,,,,,,,,,,,,,,1.5465673383506349,,,,1.2752990764744445,,1.5588774118359927,,,1.5570342633253726,1.5588774118359927,,1.5588774118359927,,,,,,,,,,1.3373996607123404,,,1.546567338451626,1.5588774118359927,,,,,,,,,1.3873143399578147
2,,,1.3685723137696213,1.368572313838448,,,,,1.3781778458318443,,1.3685723176303313,,,1.368572316218959,1.3383261178434553,,1.3685723162607946,1.3685723179180174,,,,,,,,,,,,,,,,,,,,,,,,,,,,,,1.363573504098005,,,1.432675572066102,1.3635735040980053,,1.3635735040980053,,,,,,,,,,1.2570070671462235,,,1.4181722766737375,1.3635735040980053,,,,,,,,,
3,,,1.6069698052477337,1.6069698049468573,,1.606969805129071,,,1.726599926916778,1.5947058638396872,1.606969805473181,,,,1.5947058645356926,1.6069698053359747,1.6069698053897243,1.6069698053359627,,,,,,,,,,,,,,,,,,,,1.3442833806768304,,,,1.6825447497249708,,,,,,1.5734495583373107,,,1.6454921060518228,1.5734495583373105,,1.5734495583373107,,,,,,,,,,1.644696385763608,,,1.6825447549314,1.5734495583373105,1.3373321837148975,,,,2.2125945626260908,,,,1.3819929431179447
4,,,1.4033998838564872,,,,,,,,,,,1.4033998838745227,,1.4033998833357455,1.4033998855664742,,,,,,,,,,,,,,,,,,,,,1.1668057052487348,,,,1.413103328454934,,,,,,,,,1.4136823439637458,1.401304583233609,,1.4013045832336088,,,,,,,,,,,,,1.4131033285123458,1.4013045832336093,,,,,,,,,
5,,1.4140221159765887,1.9779932502501323,,,1.977993253670649,1.9829119468839091,1.977993250127961,1.7404768961602608,,1.9779932518031904,,,1.9779932503906663,1.9075750459613259,1.977993250125027,1.9829119451678276,1.9779932510401856,1.6391151925800824,,1.6411894197929306,1.414022115976589,,,1.639115192649468,1.4140221159765887,1.777697864832952,,,,1.4140221159765887,,1.4140221159765887,,,1.414022115976589,,1.7303645229046425,1.4140221159765887,,1.4140221159765887,,,,,1.4140221159765887,1.6604117318952487,1.8365922258804837,1.7337108944288966,,1.887925772948713,,1.836592225880484,1.8416053632372578,,,,,,1.7830214063502945,,,,,1.7210255161078207,,,1.1681959918953948,1.2000516885962504,1.8465406582282617,,,,,,1.730017320728739,1.504533308469989
6,,1.4982605821614885,1.9717060321263098,,,1.9717060353165525,1.987222310226824,1.9717060353704272,2.052249812123883,,1.9717060345066661,,,1.9717060325644347,1.748833582439791,1.9717060382305414,1.9872223165127725,1.9717060291094235,1.6887062552850711,,1.6920311293190176,1.4982605821614887,,,1.6887062554038756,1.498260582161489,1.7725177419539204,,,,1.498260582161489,1.498260582161489,1.4982605821614887,,,1.4982605821614887,,1.581698164649224,1.4982605821614885,,1.498260582161489,,,,,1.4982605821614887,1.5378015191397012,1.7845546175194467,2.0543045902319395,,1.825215668080578,,1.7845546175194464,1.8034031736395033,,,,,,2.267667916778286,2.2670856697502084,,,,1.9330453829994825,,2.0427508692703618,1.6910986515325852,1.6891000693133804,1.3600480001084891,1.314136887313519,,2.2754756838528,2.2664437314766714,2.077801810098603,2.077801810098603,1.7968443912470087
7,,1.3162894378030596,1.937765214339986,,,1.9377652151759581,1.9342102583593486,,1.844349870289144,,1.9377652139419497,,,1.9377652117930038,1.7907853881553253,1.937765215340438,1.9342102568567967,,1.4459557188640115,1.8080455937206164,1.4546885331121746,,,,1.4459557186581635,,1.6749799433951662,,,,1.3162894378030594,,1.3162894378030594,1.3162894378030594,,1.3162894378030596,,1.4540752877936094,,,1.3162894378030594,,,,,1.3162894378030598,1.606879156682902,1.9077007045306587,1.852477748562115,,1.883359694104846,1.9077007045306589,1.9077007045306584,1.9113872508325713,,,,,,,,,,2.1131575876140603,1.8264242628162504,,,1.9077007045306593,,1.4013219762994573,,,1.9426252560277824,,,,1.5836656596227603
8,,1.2956622313892348,1.9372640761051456,,,1.9372640763268003,1.9425638238305214,,2.2710565280359205,,1.937264079893062,,,1.9372640811181188,1.8426278962290639,1.9372640747799643,1.9425638265616234,,1.5591182196425888,,1.5624975562844299,,,,1.5591182198738043,,1.705402706691284,,,,1.2956622313892348,1.2956622313892345,1.2956622313892348,1.2956622313892348,,1.2956622313892348,,1.5494805245566134,,,1.2956622313892345,,,1.7514808775495885,,1.2956622313892348,1.650737003498438,2.12465238632819,,1.6123029337744557,,2.1246523863281896,2.12465238632819,2.127232741783364,,,,,,,,,,2.20239978249331,2.033543392650561,,,2.1246523863281896,,,,,,,,,
9,,,,,,,,,2.207550930039198,,1.8911976412569476,,,1.8911976437293425,,1.8911976439572924,1.8911976420947392,,,,,,,,,,1.6385729325407585,,,,,,,,,,,2.7129580594750196,,,,,,1.6684947315048895,,,,2.1962352327725596,2.211526159546313,,2.1215670288247948,,,2.19623523277256,,,,,,,,,,,1.8431124178109999,,2.2115261595216533,2.1962352327725596,,1.2942969230671122,,,,,,,
10,,,,,,,,,,,1.5296457249054627,,,1.5296457244982802,,1.5296457240908312,2.24568127043193,,,,,,,,1.5186998429997272,,,,,,,,,,,,,2.269855677039295,,,,,,,,,1.4561563251006835,,,,,,,1.4917039703099715,,,,,,,,,,,1.69593043392062,,1.8911507087213626,,,1.66470096737942,,,,,,,
11,,,,,,,,,,,1.5015099035457955,,,1.501509904805765,,1.5015099092383062,1.5162377262829967,,,,,,,,1.3315054197307996,,,,,,,,,,,,,2.179195097203707,,,,,,,,,,1.644538763987103,1.4348363471362475,,1.6171775719665984,1.6445387639871027,,1.6445387639871027,,,,,,,,,,,1.3668887032187476,,1.4348363471620231,1.6445387639871027,1.4824906375695566,1.3479578165850823,,,,2.300577696276381,1.432618850217792,1.4326188502177915,1.540651947477546
12,,,,,,,,,,,1.450360317279574,,,1.450360314931979,,1.4503603160756862,1.4732781763050788,,,,,,,,1.4459245955472408,,,,,,,,,,,,,1.9488059098342296,,,,,,,,,,1.5441689238551786,1.5370406565399715,,1.6392062234298965,,1.5441689238551788,1.5441689238551788,,,,,,,,,,,1.4851513516519244,,1.5370406565341408,1.5441689238551788,,1.4391854331977223,,,1.7975402683393362,,1.536721613087295,1.536721613087295,1.651584633060959
13,,,,,,,,,,,1.8873243184190434,,,1.8873243143171163,,,1.8947286595998536,,,,,,,,1.2018146258617575,,1.6548892918645297,,,,,,,,,,,2.0300171916299234,,,,,,1.677408107004184,,,,2.1888403002127537,2.2870503010272123,,2.1412594533204006,,,2.1888403002127537,,,,,,,,,,,,,2.287050301096002,2.188840300212753,,1.4426812600348349,,,,,,,1.3518210762203418
14,,,1.5938366556758112,,,,,,,,1.5938366556758108,,,1.593836655675811,,1.5938366556758112,1.651182815747858,1.5938366556758112,1.2528892101071913,,,,,1.2528892101071913,1.2528892101071913,,,,,,,,,,,,,,,,,,,,,,1.4407670834005126,,,,,,,1.4987019796122287,,,,,,,,,,,1.2851302247004357,,1.6198985631664453,1.4885062779859801,,,,,,,,2.0147653346222096,1.3022105384606169
15,,,1.5813263883959205,,,,,,,,1.5813263883364403,,,1.581326388465876,,1.5813263884054733,1.6337340589917424,1.5813263882677464,1.2942625821431606,,,,,1.2942625821431606,1.2942625821431606,,,,,,,,,,,,,1.4451649799307553,,,,,,,,,1.537958914550889,1.534096587318046,,,1.5795698169177712,,,1.5416303352388763,,,,,,,,,,,1.3482056776420543,,1.632845142850617,1.534096587318046,,,,,,,1.778553140707393,1.7785531407073927,1.3588293710486217
16,,,1.7675965674539849,,,,,,,,1.7675965691749655,,,1.7675965666913576,,1.7675965708777992,2.289059656965924,1.7675965666439504,1.662796155233917,,,,,1.6627961552339166,1.6627961552339166,,,,,,,,,,,,,,,,,,,,,,1.6213730785663272,1.657907720189176,1.8162216780505926,,1.6946695505800329,,,1.7784471994512967,,1.6845686093088121,,,,,,,,,1.7000490834594564,,1.8162216778233995,1.6579077201891756,,,,,,2.462467324689661,1.8758602180862836,,1.440286479476523
17,,,,,,,,,1.8972611303170288,,1.6102190091472477,,,1.6102190078986247,1.570548856578453,1.6102190084066186,1.6967121151895943,,,,,,,,1.6104224129587625,,,,,,,,1.532976623540684,1.532976623540684,,,,,1.5329766235406845,,1.532976623540684,,,,,,1.5874504847990372,,,,1.5808610859446415,,,1.9008641888130802,,,,,,,,,,,1.6163861568265703,,,1.5224800915738055,,,,,2.377564515897731,,2.153710772300975,2.153710772300975,1.3891653566272082
18,2.210941938576196,,,,,,,,,,1.7449974144815967,,,1.744997412737976,,1.744997407982452,1.822906871089512,,1.495084377095604,,,,,,1.4950843770956042,,,,,,,,,,,,,,,,,,,,,,1.535034892309034,,,,1.5907301636082987,,,,,,,,,,,,,1.811527257394879,1.8085670576222546,,,1.4436387443873064,,,,2.307042079891807,2.320130988034721,,,,1.776322809307951
19,2.091010472051966,,1.648307878561594,,,1.64830787754196,,,1.7354470715005266,,1.648307876294732,,,1.6483078826145319,1.5258246800766813,1.648307877426467,1.8009373876475843,,1.3815888483518344,,,,,1.381588848351827,1.3815888483518173,1.4179583203822304,,,,,,1.4179583203822301,1.4179583203822301,1.4179583203822304,,1.4179583203822306,,,,,1.4179583203822301,,,,,1.4179583203822304,1.5682136733655883,,,,1.5851949972236186,,,1.9763125978750316,,,,,,,,,,,,,,1.52651562316891,,,,,2.254395468137411,2.2879179589112946,,,1.6894931264239732
20,,,,,,,,,,,1.8185222073587186,,,1.8185222065959834,,,2.1357759951801567,,1.5655545837932816,,,,,,1.5655545837932814,,,,,,,,,,,,,,,,,,,,,,1.5962831376686621,,,,1.6831073953259383,,,2.503837217902042,,1.7440598379547323,,,,,,,,,1.7276697911518786,2.510225797551794,1.943873306154103,1.6167293602077981,,,,,2.4333836834317455,,,,1.6315310348567618
21,2.29730373260615,,,,,,,,,,1.9047838028667274,,,1.9047838028348718,,,2.0821435965341006,,,,,,,,1.5601266453460816,,,,,,,,,,,,,,,,,,,,,,1.5749139411411084,,,,1.6924611579470228,,,1.8963927575263877,,1.7319435885989778,,,,,,,,,1.6909528832560108,2.4716108166174395,1.8820515720374065,,,,,,,2.3783607223793917,,,1.6549604285002912
22,,,2.0284034299812457,2.028403435438766,,2.028403436679875,2.1617624210725737,,2.0173002920809044,,2.028403429923628,,,2.0284034315536466,2.176607816838271,2.028403439182407,2.161762440336941,2.028403437137522,,,,,,,1.7672258749347614,1.4377632091313328,1.8094268843280443,,,,,1.4377632091313328,,,,,,,,,,1.9621823617245022,,,,1.4377632091313328,1.5868711596873248,1.8029391414442408,1.9621823611011087,,1.8223307318113924,1.802939141444241,,1.8585663446720324,,,,,,,,,,2.391588683901602,,,1.9610143036483727,1.7960333756918119,,1.7674714032101337,,,,2.430288020909026,,,
23,,1.345252641286718,1.9728589895588882,1.9728589794501044,,1.972858979090749,,,1.9645653614716378,,1.9728589745719143,,,1.9728589889127264,1.9931634792278514,1.9728589750567056,2.0267675658329485,1.9728589792922122,,,,,,,1.870225789162102,1.3452526412867183,1.6829634434850198,,,,,1.3452526412867183,1.3452526412867185,,,1.3452526412867183,,1.7580958964380504,,,1.3452526412867185,1.8995833101290558,,,,1.3452526412867183,1.6316338477504,1.8513238271091783,1.8995833105905948,,1.8537858434298078,1.8513238271091783,,1.880246129386502,,,,,,,,,,2.3302612350503265,,,1.8800387023454292,1.8118892916547433,,1.6699524443147373,,,,,,,1.4769451681744548
24,,,1.769419700950873,1.7694197029762027,,1.769419704998785,,,1.9565375285741566,,1.7694197023294607,,,1.7694197061724606,1.8011505824648175,1.7694197020642184,1.8387774240018446,1.769419704428192,,,,,,,1.8625637903666483,1.2048209048800924,,,1.7257227294414448,,,,1.2048209048800924,,,1.2048209048800924,,1.7180174910260426,,,1.2048209048800922,1.8944175234307967,,,,1.2048209048800924,1.9451544786500687,1.8152611720932323,1.894417521947601,,1.8354525230571788,1.8152611720932321,,1.9230968619115147,2.5340018398516118,,,,,,,,,2.0833182302563107,1.8672401593329917,,1.8717632022359085,1.788057631667757,,2.52203392669946,,,,2.5705890924765207,,,
25,,,1.6110946363963397,1.6110946385255644,,1.6110946379409612,,,1.6933035936770529,,1.611094637018534,,,1.6110946377874773,1.9572097145022063,1.6110946373055528,1.746892332718767,1.6110946374353166,,,,,,,1.967436375755927,1.4020431775287105,,,,,,,,,,,,1.7581023766922503,,,,,,,,1.4020431775287105,1.5230620832676722,1.4609489816184447,1.643620256349787,,1.5920692245019756,1.4609489816184447,,1.4985537696492528,,,,,,,,,,1.940488972413886,,,1.643526513849364,1.4601433460171662,,1.6471939970832628,,,,2.4270773342566594,,,1.3666570862680083
26,,,2.6130588874032696,2.6130588889684123,,2.613058890467764,,2.6130588882900394,3.0658161163316526,,2.6130588895777644,,,2.613058887653965,,2.613058890131988,2.613808673687931,2.6130588886632267,3.0773622992277176,,3.0773622992277176,,,,,,,,,,,,,,,,,,,,,2.6963758228567105,,1.9241057545690028,1.924159743965359,,,1.9565575560565136,,,2.1546436741340864,1.9565575560565138,1.956557556056514,1.9565575560565138,,,,,,,,,,2.7027093393041017,,,,1.956557556056514,,,,,,,,,1.436670222491058
27,,,2.480979488372362,2.480979488115745,,2.4809794865379313,,2.480979487814213,2.3276313027972195,,2.480979488615095,,,2.4809794856339558,2.0961886922864554,2.4809794892146058,2.4819261795910843,2.4809794905146805,2.0513974407679636,,2.053463519988432,,,,2.05139744076879,,1.9980708710492918,,,,,,2.6574060604884346,,,2.657406060488435,,,2.6574060604884346,,,2.5716552406028823,,,1.9263876130284958,2.6574060604884346,1.8291740197468087,,2.5716552418115777,,1.9887281715318095,1.9180798362758806,,1.9248828401661522,,,,,,,,,,,,,2.571655240807163,1.9180798362758806,,,,,,,,,1.7920171003309586
28,,,2.3316126283176835,,,2.33161262838023,,2.331612628223248,2.3524090889964997,,2.3316126283276244,,,2.331612628363917,,2.3316126282906535,2.3292517036666807,2.3316126283692737,,,2.4637368683497436,,,,2.4649152189167074,,,,,,,,,,,,,,,,,1.929896540662182,,,,,1.3523553139719988,1.2434836378025045,,,1.445107215169286,1.243483637802505,1.243483637802505,1.2892953449200053,,,,,,,,,,2.324007487604109,,,,1.2434836378025047,,,,,,,,,
29,,,2.2316713259325613,2.2316713242825474,,2.2316713215032284,,2.2316713246386026,2.2617461514928765,,2.231671325830597,,,2.231671319762205,,2.2316713216143644,2.2363744161344976,2.231671326444745,2.0124721562793813,,2.02438777338018,,,,2.0124721562793813,,1.811574314451,,1.8370028270446368,,,,,,,,,1.9989100778293825,,,,2.146922618506626,,,1.8432613126514243,,1.8237239089062887,2.0378879738334574,2.1469226266315387,,2.072130925275597,2.037887973833458,2.037887973833458,2.0548943528788173,,,,,,,,,,2.396126656798236,,,,,,,,,,2.3303075718128268,,,
30,,1.3976071084057964,1.8767123607326712,,,1.8767123606599376,,,2.2559327295663225,,1.8767123606831775,,,1.8767123607211325,1.5088383090716517,1.876712360712665,1.8572349203903142,,,,,,,,1.2943056886623943,,,,,,,,1.3976071084057966,,,,,1.3893071173011995,,,,,,1.7647098820602665,,1.3976071084057966,1.4964991789313584,2.0786506070563453,2.292869922035608,,2.1191733665387917,2.078650607056345,2.078650607056345,2.0808461814208203,,,,,,,,,1.7691495267541766,1.794037457036763,,,2.2928699181748526,2.078650607056345,,,,,2.579198020774007,,2.3466882957275477,2.3466882957275477,1.3531580635585088
31,,1.3034231107722951,1.9380362971928,,,1.9380362975089036,,1.9380362977414565,2.2362453249260024,,1.9380362975993533,,,1.9380362976990682,1.5788137175916797,1.9380362971633331,1.947596299311302,,1.3170686839241157,,,,,,1.3170686839375003,,,,1.883707711923035,,,,1.3034231107722951,,,,,1.3922573813810133,,1.3922573808549281,,,,1.7860117914954863,,1.3034231107722953,1.7400121748920003,2.185991263260534,2.2449235971314074,,2.211841552036578,2.1859912632605334,2.185991263260534,2.1866390172116437,,,,,,,,,1.9003500350163582,1.9415409523104683,,,2.2449235961778546,2.1859912632605334,,1.7453021369474522,,,,,,,
32,,1.2734207277637728,1.9222719552445877,,,1.92227195791336,,1.9222719578414365,,,1.9222719576133502,,,1.9222719559169825,1.6356443450859266,1.9222719571742133,1.9574457560861618,,1.4516748874272956,,,,,,1.4516748868782412,,,,,,1.2734207277637728,,1.273420727763773,1.273420727763773,,1.2734207277637728,,1.3748352369400956,,1.3748352382440276,1.2734207277637732,,,1.7505468395471953,,1.273420727763773,1.7062144489382416,2.2007645233080497,2.416512747051843,,2.237361065759211,2.2007645233080497,2.2007645233080497,2.2028292076105433,,,,,,,,,1.816575832951184,,,,,,,1.4902816606792237,,,,,,,
33,,1.3973826492327202,2.0172798617874617,,,2.0172798608155844,,2.0172798613731246,2.243509592086465,,2.0172798634158595,,,2.017279863632811,1.7295334201004613,2.017279863664582,2.0373953165428285,2.0172798630529685,1.7085533020708685,,,,,,1.7085533028681787,,,,,,,,1.3973826492327202,,,1.3973826492327202,,1.6146321800939771,,1.6146321804503432,,,,1.7893099160139474,,1.3973826492327197,1.5942246012336783,2.192076314404016,2.2441760422523154,,2.2368303517247066,2.1920763144040163,,2.193408598081901,,,,,,,,,,,,,,2.192076314404016,,1.657741379995859,,,,,,,
34,,1.4073342131165387,,,,2.24727472061794,,,,,2.2472747203086243,,,2.2472747213361726,2.1811500463419575,2.24727472130982,2.229092124206166,2.247274720121014,1.8190949109055694,,,,,,1.8190949122120306,,1.8837047065474803,,,,,1.4073342131165385,1.4073342131165387,,,,,1.7814454764238385,,,,1.969280971124783,,1.7347390477059366,,1.4073342131165385,1.5383903680600999,,1.9692809713621555,,1.9765196020629863,,1.9415857347063479,1.9426449103050496,,,,,,,,,,2.3280636546903706,,,1.96928097226206,1.9415857347063477,,,,,,,,,
35,,,,,,2.2939271088916775,,,,,2.293927106296437,,,2.29392710777253,2.481478192044424,2.2939271072636003,2.290274526999082,2.2939271059971427,2.3194889433880856,,,,,,2.3194889433827584,,1.6848318583659438,,,,,,2.307256829767074,,,,,2.74133638931872,,,,1.991484975740419,,,,2.307256829767074,1.3654577493703342,,1.9914849735669375,,1.7974332605129826,,1.4743114743163344,1.4863704346909132,,,,,,,,,,,,,1.9914849755103465,1.4743114743163341,,,,,,,,,
36,,1.4717197872111494,,,,1.9512618208958543,,,,,1.951261814465876,,,1.9512618158415385,1.8427757391261395,1.951261816190924,1.9564838531987334,1.9512618194699258,1.7811938345290388,,,,,,1.7811938344950777,,1.6703478243914986,,1.7445446262285476,,1.4717197872111494,1.4717197872111496,1.4717197872111494,,,1.4717197872111494,,1.590072564115954,1.4717197872111492,,,1.6252353608198509,,,,1.4717197872111494,1.62634432450435,,1.6252353591658548,,1.7739606901744835,,1.7782946605350336,1.7881895836187196,,,,,,,,,,2.0646816625570303,,,1.6252353591969229,1.778294660535034,,,,,,2.060125619286823,,,
37,,,,,,2.482871021081677,,,,,2.4828710211181435,,,2.4828710211023712,2.7159908236922394,2.4828710210010807,2.459171522411434,2.4828710211083065,2.487384381704674,,,,,,,,1.765794035314182,,,,,,,,,,,2.7968006461470676,,,,,,,,2.415674188935796,1.2641796601390414,,2.0220838615512458,,1.6386627371007618,,1.4069609931008882,1.423306781164569,,,,,,,,,,2.443347021025134,,,2.0220838418300944,1.4069609931008882,,,,,,,,,
38,,1.4026044274841223,,,,1.96470641489953,,,1.789028904557741,,1.9647064155434344,,,1.964706414040249,1.946112314719927,1.9647064147037734,1.9611780887282702,1.9647064133691459,1.7462372785292806,,,,,,1.7462372786774543,,1.6828002316050363,,,,,1.4026044274841223,1.402604427484122,,,,,1.6690647160484504,,,,1.6934300235444817,,,,1.4026044274841223,1.6299589110111383,,1.693430023134728,,1.764561966251861,,1.7387438020991453,1.7481234668107373,,,,,,,,,,2.0691403795882795,,,1.6934300236471487,1.7387438020991448,,,,,,,,,
39,,1.9475912304992882,,,,2.3096698917531127,,,2.1917310534104693,,2.309669892143015,,,2.3096698967487117,2.3029772085425844,2.309669894990897,2.3106962756420995,2.3096698967393197,2.1506444278276753,,,,,,2.150644428115468,,1.939310284891243,,,,,,1.9475912304992877,,,1.9475912304992882,,2.2794579064811265,,,,2.1708260694458534,,,1.9180542262626097,1.9475912304992882,1.8895449242090998,,2.1708260693846944,,2.063168593807485,,2.0686946245337037,2.0707838425708545,,,,,,,,,,,,,2.170826069286796,2.0686946245337037,1.727090335350335,1.6569194196806447,1.6704611076932583,,2.0197843895645686,2.469638351526821,2.1734760050873603,2.1734760050873607,1.8583181956353492
40,,,1.9134234837349837,1.9134234887459642,,1.913423479054609,,,2.239748751902297,,1.913423485193001,,,1.9134234835396462,1.7784677471441221,1.9134234926826363,1.9202598693761552,1.9134234940116879,,,,,,,1.6574260874313573,,1.5453297428418922,,,,,,,,,,,1.5486650129225992,,,,,,,,1.5374442532872683,,1.8062843761113792,1.8635030469677405,,1.8749477312694576,,1.8062843761113794,1.806284376111379,,,,,,,,,,2.346681210436346,,,1.863503044792305,1.8062843761113796,,1.7456662384635666,,,,,,,
41,,,1.8757226947827943,1.8757226958062652,,,,,1.933235306744569,,1.8757227096680618,,,1.8757227089932567,1.636639790818164,1.8757227009654516,1.8757226943219922,1.8757227012219164,,,,,,,,,1.547690378155,,,,,,,,,,,1.5069483851850207,,,,,,,,1.5056446009315094,,1.8271203203954893,,,1.863813673758236,,1.827120320395489,1.827120320395489,,,,,,,,,,2.23040251842053,,,1.9423138712302217,1.827120320395489,,1.5141640477135083,,,,,,,
42,,,1.8968839954022207,1.8968839987986907,,1.896884006360612,,,2.0961392370147336,,1.896884005125755,,,1.8968839986160915,1.7948342817743679,1.896883998373238,1.8968840084413565,1.8968839964134887,1.5440724840205702,,,,,,,,1.5638698296783389,,,,,,1.365741226089587,,,,,1.6327809365620773,,,,,,,,1.3657412260895867,,1.8224067648463218,1.962166481115637,,1.863156910303363,,1.8224067648463218,1.8224067648463222,,,,,,,,,,2.336537964056685,,,1.9621664789839606,1.822406764846322,,1.5504252570189923,,,,,,,
43,,,1.888207368055542,1.888207364760409,,1.8882073705018207,,,1.7478755879014976,,1.8882073694560462,,,1.888207363869011,1.5705893674670093,1.8882073710924918,1.8882073741391046,1.888207360292397,,,,,,,,,1.563377100032802,,,,,,,,,,,1.5408073481929945,,,,,,,,1.5851440291354604,,,1.9214393015969513,,1.8650661584599144,,1.8391781681085873,1.839178168108587,,,,,,,,,,2.1973959887759675,,,1.9214392967686866,1.8391781681085873,,1.7747208893134974,,,,,,,
44,,1.419615903936415,1.5808517264668707,,,,,,1.9181391403231778,1.620153208754016,1.5808517259461867,,,,1.6453732598302977,1.5808517261651276,1.7042990242385696,1.5808517268210265,1.716268564321869,,1.7899908096625077,,1.419615903936415,,1.716268564540282,,,,,,1.4196159039364151,1.4196159039364151,1.419615903936415,1.4196159039364151,,1.419615903936415,,1.6202642168582244,,1.620264216948239,1.419615903936415,,,,,1.4196159039364151,1.5236458786964084,,1.684751950593456,,1.5244508587349261,,,1.4921170966854453,,,,,2.3025695066990273,,,,,2.0568611034104736,,,1.6847519558543684,1.4413411160127159,,1.896565311433335,,,,,,,
45,,1.3704323152994318,1.6607835216591555,,,,,,1.8614279777307456,1.644240432710521,1.6607835215921463,,,1.6607835215800222,1.671142190472505,1.6607835215208795,1.7358311115927842,1.6607835216254392,1.611423573540139,,1.6365707360558643,,1.3704323152994318,,1.6114235734898044,,,,,,1.3704323152994318,1.370432315299432,1.370432315299432,1.3704323152994318,,1.3704323152994318,,1.6277737904093499,1.3704323152994318,1.6277737905437415,1.3704323152994318,,,,,1.370432315299432,1.5681263834419739,,1.649021712820273,,1.5464829052142528,,,1.529060856850678,2.0666436212913784,,,,,,,1.9648227752407497,,1.8521425147870505,,,1.6490217065869268,1.4754504354487106,,1.801971111963615,,,2.2692417086929684,,,,
46,,,1.6716006709339972,,,,1.6785430086651631,,1.796609462930702,1.449289587695107,1.6716006672660049,,,,1.4500046149654358,1.671600670933205,1.6785430061529842,1.67160066994653,1.3701682010939669,,1.3701682011262521,,,,1.3701682011138,,,,,,,,1.899578584761639,1.8995785847616393,,1.8995785847616393,,1.5205681861214049,1.8995785847616393,1.5205681918491356,,,,,,1.8995785847616393,,,1.9906916288286518,,1.745498542088502,,,1.672025263592317,,,,,,,,,,1.5101352262640046,,,1.9906916206040763,1.6720252635923174,,1.6192051769626994,,,2.289141598200948,,2.1223743301799622,2.122374330179962,1.3983304139329296
47,,1.3373168030854492,1.6126279352801043,,,,,,1.888963195032631,1.6321542299694625,1.6126279326566448,,,,1.6678230189819239,1.6126279355279873,1.7062401873917703,1.6126279346861043,1.6510631039815271,,1.694785641029366,,1.3373168030854492,,1.6510631040287345,,,,,,1.3373168030854492,1.3373168030854494,1.3373168030854494,1.3373168030854492,,1.3373168030854496,,1.6353426637759025,1.3373168030854492,,1.3373168030854492,,,,,1.3373168030854494,1.5655323221454802,,1.5537035045569754,,1.4861998758840442,,,1.491162746944207,2.132276791254635,,,,,,,,,1.9341350413605172,,,1.5537035063888893,1.4553815377110066,,1.7204801424225302,,,,2.2703085965563514,,,
48,,,2.4476557697213,2.4476557685906344,,2.447655770204764,2.44765577011352,,2.548302163311058,2.7710517684813625,2.4476557690659413,,,,2.771051765604103,2.4476557685573375,2.4476557694465884,2.4476557697744528,2.87528229087396,,,,,,,,,,,1.5290532654816986,2.150230162631474,,2.1502301626314746,,,,,,,,,2.066885187358347,,,,2.1502301626314746,,1.587224690082281,2.0668851695591726,,1.8382168499405072,1.5872246900822817,1.5872246900822815,1.5872246900822817,,,,,,,,,,,,,2.0668851872304277,1.587224690082281,,2.552952756264424,,,,,,,1.2179705569496835
49,,,2.44948207740772,2.449482077230367,,2.449482077882673,2.426545801388067,,2.460233642744426,2.772084153635812,2.4494820777807105,,,,2.732100208856874,2.4494820774578088,2.4265458031712406,2.44948207832711,2.5763327233231084,,,,,,,,,,,1.3517913030050597,,,,,,,,,,,,2.0315841416915235,,,,2.2279339046530264,1.3672551778344477,1.4369746306499447,2.0315841352999136,,1.6946807370746353,1.4369746306499447,1.4369746306499447,1.4888612657482505,,,,,,,,,,2.4096404810164147,,,2.0315841427135632,1.4369746306499447,,2.2968603681781614,2.144230813441383,,,,,,
50,,,1.6719350204917445,1.6719350172870353,,1.671935022966372,1.6719350256870664,,1.7494913910771035,1.752248646568988,1.6719350204927397,,,,1.7522486498373744,1.6719350253225636,1.6719350221844882,1.6719350234457557,,,,,,,,,,,,1.4697660364125127,,,,,,,,,,,,,,,,1.3318867902246305,,1.5751925567157932,,,1.633370743016409,1.5751925567157932,,1.5751925567157932,,,,,,,,,,1.5080995894188405,,,1.7252604193010104,1.575192556715793,,1.322068134335082,,,,,,,
51,,,2.501067298418967,2.5010672972566717,,2.501067297649844,2.5010672970855574,,2.571406890557674,2.7226574596778246,2.5010672965626606,,,,2.722657462794399,2.5010672967592846,2.501067299043408,2.5010672977468147,,,,,,,,,,,,1.5354013151114543,,2.3247985949276213,,,,,,,,,,2.0228015649150017,,,,2.3247985949276213,,1.6078580303882575,,,1.8822032207216577,1.6078580303882577,,1.6078580303882575,,,,,,,,,,2.783427019272506,,,2.022801560344386,1.6078580303882577,,1.5364262395633532,,,2.537631421349136,1.087906426795587,2.488874244200128,,1.2801814653375365
52,,,1.6998148459912028,,,,1.696473988512957,1.6998148454590505,,,1.699814845774448,,,1.6998148425271074,1.427845011824301,1.699814846069543,1.6964739870333232,1.6998148458464046,1.6017813701274846,,1.6017813717401057,,,,1.601781372312993,,,,,,,1.9952198154754552,,,,,,,,,,1.6290368672009108,1.5448723193724878,,,1.9952198154754557,,1.5448723193724878,1.6290368665808868,,1.653587468212329,1.5448723193724878,1.5448723193724883,1.5448723193724878,,,,,,,,,,1.550550606556525,1.6382498535491339,,1.6290368652683715,1.5448723193724883,1.3782121706009784,,,,1.4091334492495415,,1.6487715012670339,1.6487715012670339,1.3912873288632872
53,,,1.7258691434721958,,,,1.7214527862127569,,,,1.7258691437178981,,,1.725869146279496,1.3913637857047738,1.725869145169284,1.7214527875748777,1.7258691446757186,1.798578474257297,,1.798578474287223,,,,1.7985784743150428,,,,,,,1.772144315096753,,,,,,1.342169181739774,,,,1.5792008375758544,1.5411388190966968,,,1.7721443150967535,,1.5411388190966968,1.579200837532462,,1.7406767064780018,,1.541138819096697,1.541138819096697,,,,,,,,,,,1.5927417889407536,,1.5792008373811433,1.5411388190966968,,1.0896824914978118,,,1.284651848969429,,,1.5866275223806325,1.4429935781964145
54,,,1.5412510561891122,1.5412510551895697,,,1.5704094610601926,1.54125105679708,,,1.541251057173283,,,1.5412510611744903,1.602894002244049,1.5412510570442046,1.5704094611233879,1.5412510575706535,1.9307380340922933,,1.936713981603708,,,,1.9307380341526614,,,,,,,1.9002291940700653,,,,,,,,,,1.5542927417164365,1.4761832510604482,,,1.9002291940700655,1.5877548123918488,1.4761832510604487,1.5542927416874759,,1.594698201839181,1.4761832510604487,1.4761832510604485,1.4952966549462494,,,,,,,,,,1.4864651019097166,,,1.5542927415331433,1.476183251060449,1.8590828958624375,1.7198951881349613,,,2.095036044734321,,,1.5572251161320647,1.4837737360374759
55,,,1.630953691507785,1.6309536920041388,,,1.6313156903461385,1.6309536927455894,,,1.630953692006462,,,1.6309536907162765,1.6693369279848385,1.630953692708989,1.6313156931167614,1.6309536922205443,1.5704530495630997,,1.5704530495905606,,,,1.5704530496624154,,,,,,,1.6461374105590636,,,,,,1.6779945123375957,,,,1.5666028709814082,1.5238777275721613,,,1.6461374105590632,,1.5238777275721616,1.5666028713888231,,1.6323356252448744,1.5238777275721613,1.5238777275721618,1.5238777275721613,,,,,,,,,,1.445727559897466,,,1.5666028710746005,1.5238777275721618,1.5545342547092265,1.3298760103008573,,,1.776391294954657,,,1.5730959529904869,1.3973824146318403
56,,,1.6344746315385652,1.6344746323399344,,,1.6338341877934757,1.634474628679131,,,1.6344746287627419,,,1.6344746287160516,1.4977471010906958,1.6344746327469868,1.6338341887991974,1.6344746307313796,1.527785851365437,,1.527785850995007,,,1.5277858515699587,1.5277858517263736,,,,,,,1.6023557861435507,,,,,,1.4758966493898238,,,,1.6138227198947168,1.5828766375615955,,,1.6023557861435507,,1.5828766375615955,1.613822719901978,,1.684849095692726,1.5828766375615955,1.5828766375615955,1.5828766375615955,,,,,,,,,,1.4447240293388013,,,1.6138227198908717,1.5828766375615952,1.2829164947049918,1.2480501697556918,,,1.9435182617754596,,,1.614743767202082,1.4219602954527049
57,,,1.6782851929738527,1.6782851962302945,,1.678285193459517,1.6695773826730025,1.678285192127271,1.4265426988508412,1.3113995286477715,1.6782851938014687,,,1.6782851949617537,1.3115314839474048,1.6782851965406704,1.6695773913977507,1.6782851966977321,1.6497254246800912,,1.6601072939290153,,,,1.6497254251652842,,,,,,,1.6189323037547505,1.6189323037547503,,,,,1.2391752645091443,,,,1.568810745623602,1.5472633376254255,,,1.6189323037547505,1.4887400188687587,1.5472633376254252,1.5688107454024596,,1.7081480705781127,1.547263337625425,1.5472633376254255,1.5494678525928718,,,,,,,,,,1.4262450812312066,,,1.5688107455265485,1.5472633376254252,1.1869979951425011,1.1635519534597385,,,1.69966603473099,1.3510920794849426,,1.572113595613172,1.4491580147217107
58,,,1.6233556646085467,,,1.6233556647252423,1.6234906318185325,1.62335566469653,,,1.6233556646214544,,1.6233556646670961,1.6233556646713732,1.4591146389953138,1.6233556646058855,1.6234906318479436,1.6233556646675904,1.3000538588791868,,,,,,1.3000538588791868,,,,,,,,,,,,,,,,,1.7185448807072234,1.6301661645510541,,,1.5817581628720316,,1.6301661645510543,1.718544880340267,,1.685610665380979,1.6301661645510541,1.6301661645510541,1.6301661645510541,,,,,,,,,,1.6138679718683524,,,1.7185448803538232,,1.3249954210993877,1.185218198118197,,,2.0402032503581116,1.6527285842061679,1.727187256727523,1.727187256727523,1.4044992737400877
59,,,1.6075230791206236,1.6075230784479195,,1.607523077277015,1.6087535837100366,1.6075230783833678,,,1.6075230778088927,1.6075230769634241,1.6075230769031663,1.6075230764739783,1.5922805236885675,1.607523078964674,1.6087535843122693,1.6075230754592338,1.4315345475721752,,,,,,1.4315345466608094,,,,,,,,,,,,,1.630851139177168,,,,1.5477829694073912,1.6750899873197538,,,1.87095418751559,,1.6750899873197538,1.5477829692443215,,1.690380295788041,1.6750899873197538,1.6750899873197536,1.6750899873197536,,,,,,,,,1.6055372380328374,1.4571418860106993,,,1.5477829694015854,1.6750899873197536,,1.3494520147842777,,,1.8412767803352486,1.9804908939446697,1.5457586625900983,1.545758662590098,1.4747035516396505
60,,,1.786345879518394,1.7863458806889985,,1.786345882434537,1.7984306188525336,1.786345879703767,,,1.7863458805607564,1.7863458833741168,1.7863458801062448,,1.6680744624175206,1.786345881977754,1.798430618955709,1.7863458808818025,,,,,,,,,,,,1.75450699267716,,,,,,,,,,,,1.9359012878241726,,,,1.5294970352971577,1.5941698167200429,1.7634928908390046,1.9359012875962835,,1.8111348842795643,1.7634928908390046,,1.7713533778340762,,,,,,,,,,1.6306928205321438,1.683974761313182,,1.9359012876196395,1.7634928908390046,,1.6905587269091444,,,1.9222469861725897,,1.9431493668476159,,1.5175198491931023
61,,1.4935082080649742,2.4978607455043798,2.4978607451904633,,2.497860746052738,,,,,2.497860746559592,,,,1.6792972517860796,2.497860746008029,2.4775423117759443,,,,,,,,1.9666984594235721,,1.6387461824475635,,1.6646848796827902,,,,,,,,,1.1527417979084449,,,,,,1.7385542293762009,,,1.8030487837501619,2.2283585209540284,1.6903217845500216,,2.2989577199392883,2.228358520954029,,2.229003217591184,,,,,,,,,1.6835272933922665,2.1068301755033794,,,,,,2.012062739048797,,,,1.7247339710291336,,,
62,,,2.1019359107133044,2.101935909991986,,2.101935908278924,,,,,2.10193590960235,,,2.1019359117493015,1.7908044622097625,2.101935910463265,2.0975935227863487,,,,,,,,1.3146721551459568,,,,,,,,,,,,,1.477444855867656,,,,,,1.8251116966498555,,1.3771370134516348,,2.3126263328464187,1.871211046093162,,2.3056947922967814,2.3126263328464187,,2.312736951297115,,,,,,,1.7543069045595243,,,1.4962447767886549,,,,,2.3888859781415306,1.3987565101176422,,,,1.6280625007412994,,,
63,,,2.4443861084426697,,2.4443861043778963,,2.4443861107917804,2.4443861079384805,,,2.444386111352599,,2.444386108298576,2.4443861085366816,2.2354945967809994,2.4443861090242573,2.444386109485815,2.444386106714971,,,,,,,,,2.0302482471923016,,,1.6744762059458254,1.7783813764505063,,,,,,,2.080508865309719,,,,2.4840780821519903,,2.027003515700401,2.02981819082091,1.7783813764505065,,2.02744097206914,2.4840780826606603,,2.088580292375772,,2.02744097206914,2.02744097206914,,,,,,,,,2.1854040621724846,2.5565784809714716,,,2.4840780834743557,2.02744097206914,,,,,,,,,
64,,,2.5824283046690835,2.582428308339475,2.582428306594939,2.5824283065813614,2.5771274665526827,2.5824283091303446,,,2.582428304790339,,2.5824283066120475,2.5824283078353307,2.550602980797821,2.58242830568632,2.5771274634200294,2.5824283104162813,,,,,,,,,2.4642390005013484,,,1.5538863139841124,,,,,,,,,,,,2.431309360853471,,2.011459875389521,2.0250140032074833,1.8711188662127785,1.5283483738447885,1.9065661170797434,2.4313093662335237,,1.9969553439443957,,1.9065661170797434,1.9221573044419342,,2.0754627181836613,,,,,,,2.197184123338819,2.6504737962566827,,,2.4313093635299348,1.9065661170797432,,,,,,,,,
65,,,2.3439815548100014,,2.3439815507708204,,2.351705928659808,2.3439815527262104,,,2.3439815546409846,,2.34398155528061,2.3439815494920753,2.374262132520999,2.3439815538200883,2.351705933997105,2.3439815517853786,2.2715195639282135,,,,,,,,,,,1.693960753282356,,,,,,,,2.390531969489018,,,,2.3414210065852057,2.0930757725478015,2.030621510467067,2.0405891455519924,1.7050011742184483,1.8565990022029584,2.093075772547801,2.3414210055128737,,2.083964347289682,,2.0930757725478015,2.1128061450441304,,1.8165792652581039,,,,,,,2.1243051852776564,2.446802181036203,,,2.3414210053083724,2.0930757725478015,,2.2665665939714037,,,,,,,
66,,2.0786846779288357,2.088114019097972,,2.0881140162070846,,2.1072315304063336,,,,2.0881140109803615,,2.0881140204987276,2.0881140151565227,2.074019398481528,2.0881140065888917,2.1072315191140234,2.088114022091565,2.102476204918888,,,,,,,,,,,1.783023895130566,2.078684677928836,,2.0786846779288357,,,,,,,,,2.0329907672858467,,1.826305655269889,1.8399880317610782,2.078684677928836,,1.9437312956084831,2.0329907672495313,,1.8347545521133994,,1.9437312956084833,1.9662060097705685,,1.60679013219059,,,,,,,1.8335156449261492,2.3026991525941547,,,2.0329907671960457,1.9437312956084827,,,,,,,,,
67,,,2.5210801155704976,,2.5210801145208,,2.5018292835614444,2.521080114502592,,,2.521080115021181,,2.5210801129541722,2.521080113113558,2.465854796027468,2.521080115268566,2.501829282213575,,,,,,,,,,2.2107048605689954,,2.117915792460661,,,,1.635503048926029,,,,,2.2339036685903304,,2.233903668115684,,2.3865263454173102,,2.015416718887615,2.0396346943454517,1.6355030489260292,1.646189893451347,2.0455226390437034,2.3865263454905747,,2.148234019529141,,2.0455226390437042,2.144183836804209,,1.975410321427755,,,,,,,,2.5549345966433124,,,2.386526349293538,2.0455226390437034,,,,,1.820374114332535,,,,
68,,,2.4190323584819398,2.4190323512788736,2.4190323577788675,,2.394929618270285,2.4190323540522574,2.052491737863304,,2.419032355810928,,,2.419032354400783,1.953683535732119,2.4190323521008525,2.394929620687903,2.4190323572220174,,,,,,,,,1.9548358715330096,,1.593725308789182,,1.5206487186403823,,1.5206487186403823,,,,,,,,,2.2755085418931014,,1.9072717240733585,2.010230329749388,1.5206487186403823,,2.1883276670103577,2.2755085415570284,,2.0496787184016254,,2.188327667010358,2.189572358484344,,1.842524984546969,,,,,,,1.981465442728649,2.5043242448248715,,,2.2755085432396185,2.188327667010358,,,,,,,,,
69,,,,,,1.583681354141313,,,2.0899811357538978,,,,,,1.6823466940638585,,1.6585378336639824,,,,1.5428761351463425,,,,,1.245070261820169,,,,,,,,,,,,1.2453541475056737,,,,1.8919149930765002,,,,1.2450702618201692,1.5317374153588519,1.5043119033632184,1.8919149963370057,,1.5915049625463402,,1.5043119033632188,1.5314231746400568,,,,,,,,,,,,,1.8925574732556818,1.5084887872322346,,,,,,,2.124949180020778,,1.3554904390765685
70,,,,,,1.5670486375128363,,,,,,,,,1.603054990075969,1.5670486384133362,,,,,1.2211325703412674,,,,,,,,,,,,,,,,,,,,,1.6108071572714309,,,,1.2211325703412674,,1.6542212997020413,1.610807156663323,,1.6780499487542506,1.6542212997020413,1.6542212997020413,1.6542212997020413,,,,,,,,,,,1.2360985469186958,,1.6108071572028448,1.6542212997020413,,1.2691246004841652,,,1.9446691822221167,,1.5892855886230413,1.5892855886230415,1.407510870725284
71,,,,,,1.7888102043529044,,,,,,,,,1.894066692997461,,,,,,1.2498040973032467,,1.242659943733514,,,1.2426599437335142,,,,,,1.242659943733514,1.2426599437335142,,,,,1.2653154303989511,,,,1.6816219441325142,,,,1.242659943733514,1.9080087463850717,1.7478957899177665,,,1.7577765314378846,,1.747895789917766,2.0336096673550905,,1.5822535670025037,,,,,,,,,,,1.6774164689728306,1.7374500400944037,,,,,2.2426235479942056,,1.6276416237813136,1.6276416237813136,1.4021483165396709
72,,,,,,1.837795729883015,,,,,,,,,1.8549337028372657,,1.8467047568352617,1.837795725328108,,,1.2980445084858823,,,,,1.266436643304978,1.6913839605975445,,,,,1.266436643304978,,,,1.266436643304978,,1.2684786515654383,,,,1.756859810463289,,,,1.266436643304978,1.7811795601984133,1.9306152667867125,,,1.8943367118234817,,1.9306152667867122,1.936155125630172,,,,,,,,,,,,,1.7572258156551517,1.9305213544307924,,,,,,,1.723574312340659,1.723574312340659,1.467381811018598
73,,,,,,1.9050239380988563,,,,,,,,,1.9294207236253655,,1.9229079204529955,1.9050239392669712,,,1.567184200279988,,,,,1.3890158134014436,1.792033030446044,,,,,1.3890158134014436,,,,,,1.3981729251436017,,,,1.629181353377651,,,,1.3890158134014436,1.8385101534422694,1.9770649026488685,1.62918135462855,,1.8685986603082594,,1.9770649026488685,1.9826974837296973,,,,,,,,,,,,,1.6291946643789466,1.9667614269395153,1.6722856052442505,1.5596839032707486,,,1.864208886280139,,1.6177765153264074,1.6177765153264068,1.6392243099805976
74,,2.0678104579372616,,,,1.9509056576897124,1.948233133933131,1.9509056555215611,,,1.9509056585027824,,,1.9509056594774932,1.5765628029203864,1.950905654627852,1.948233136455029,,1.236773270666043,,,,,,1.236773270660982,,1.6087295601894422,,,,2.067810457937261,,2.067810457937261,2.067810457937262,,,,1.552199355293214,,,2.067810457937261,,,,,2.0678104579372616,,,1.8805879013432694,,1.8128528337773229,1.7810185379157322,1.7810185379157322,1.7810185379157322,,,2.067810457937262,,,,,,,2.2582069365899633,,,,1.7810185379157322,,1.2834287790632635,,,,,1.8950167874794264,,1.4207260853197399
75,,,,,,1.9096944601224572,1.9005120036230814,1.909694462774455,1.7511972297564717,,1.909694456910523,,,1.9096944517589518,,1.909694452357078,1.900512000317868,,1.2649174635645524,,,,,,1.2649174635645524,,1.6022729087589864,,,,,,,,,,,1.2234651345171195,,,,,,,,,,,2.0075926008845983,,1.8688606946686954,1.8271553356800743,1.8271553356800747,1.8271553356800747,,,,,,,,,,2.279704027607049,,,,1.8271553356800747,,1.1963800233987663,,,,,,,1.4926376638901646
76,,1.7949297185054558,,,,2.03307637471963,2.0164626109153425,2.0330763794829094,,,2.0330763800234357,,,2.0330763787706707,1.233273025821117,2.033076379567537,2.016462613148694,,1.0641543425655933,,,,,,1.064154342552606,,1.7201478530053151,,1.8202150015144114,,1.7949297185054562,1.7949297185054565,1.7949297185054562,1.7949297185054565,,1.7949297185054565,,1.2163092620610707,,,1.7949297185054565,,,,,1.7949297185054565,,,1.7949734823428027,,1.9587633540859324,1.9572694120037868,1.9572694120037863,1.9572694120037863,,,1.7949297185054567,,,,,,,2.1020648351307463,,,,1.9572694120037863,1.5557805894436607,1.2520208394932621,,,2.0893209114158786,,1.7890470854345137,,1.6134973585307673
77,,,,1.8044539924103997,,1.8044539981021406,,,1.8431055961099854,,,,,,1.6949004174840008,1.804453997214012,1.8064828436406755,1.804453991493722,,,,,,,,,1.466067247558205,,,,1.3349256403651766,,1.3349256403651766,1.3349256403651766,,1.3349256403651764,,1.3616601196068678,1.3349256403651766,,,,,,,1.3349256403651764,1.4955938730965506,,,,,,,1.8071196505521163,,,,,,,,,,2.0843821370967404,,,,,,,,,,,,,
78,,1.35736210609276,,1.778266678434703,,1.7782666859824467,,,1.7654776593497674,,,,,,1.5946769855039853,1.7782666812072225,1.7869836697595773,1.7782666838562462,,,,,,,,,1.504147734682337,,,,1.35736210609276,,1.3573621060927599,1.35736210609276,,1.3573621060927599,,1.3915572997267638,1.35736210609276,,,,,,,,1.513154189021558,,,,,,,1.8272264645829153,,,,,,,,,,1.9677444464661624,,,,,,,,,,,,,
79,,1.4706781362119457,1.8023415856803495,1.8023415846628288,,1.802341583741352,,1.802341579771473,1.6538340265330973,,,,,1.802341585396272,1.6502594840059481,1.8023415869102184,1.802341587482955,1.8023415881323448,,,,,,,,,1.6151109891585347,,,,1.4706781362119457,,1.4706781362119457,1.4706781362119457,,1.4706781362119457,,1.5418864182292689,1.4706781362119454,,1.4706781362119459,,1.9131752147248529,,,1.4706781362119459,,1.9131752147248529,,,1.8407284825354486,1.9131752147248529,,1.9131752147248529,,,,,,,,,,1.9272184951652986,,,1.689090974540127,1.9131752147248529,,1.4740826917411085,,,,,,,
80,,1.3795888449404439,,1.7684799090371697,,1.768479905729155,,,1.879757493624917,,,,,,1.572702665841132,1.7684799092816428,1.7684799099769135,1.7684799139711154,,,,,,,,,1.5151981720087773,,1.513097898133602,,1.3795888449404434,,1.379588844940443,1.3795888449404434,,1.3795888449404434,,1.4300097501121636,1.3795888449404434,,,,,,,1.3795888449404434,,,,,,,,1.8093295199483364,,,,,,,,,,2.0464190556426125,,,,,,,,,,,,,
81,,1.428709663521339,,1.7540313839211392,,1.7540313804003396,1.7613341992304614,1.754031388296705,1.7934978985534729,,1.7540313777933687,,,,1.5124846995994394,1.7540313814036508,1.7613341939506806,1.7540313797454745,,,,,,,,,1.506130729399719,,1.4841213851311885,,1.428709663521339,1.4287096635213392,1.4287096635213394,1.428709663521339,,1.4287096635213392,1.4180838270243976,1.4180838269990914,1.428709663521339,,1.428709663521339,,,,,1.4287096635213397,1.5434337645817622,,,,1.7731762959489776,,,1.7894045632790827,,,,,,,,,,1.9862792201453603,,,,,,,,,,2.299495829648923,,,
82,,,1.542287374823386,1.5422873722448551,,1.5422873739856913,,,,,1.5422873742445913,,,,1.4544274596121636,1.542287373565296,1.588915766545193,,1.428080806865134,,,,,,1.4280808069203141,1.5325079080526747,,,,,,,,,,,,,,,,,,,,1.5325079080526745,1.466243269848721,1.396246740412434,1.7847415311114556,,1.473861554206662,,1.3962467404124344,1.4552830422947958,,,,,,,,,,1.5962944110150272,,,1.7857676402742015,1.41765112639798,,,,,,,,,
83,,1.631794955348613,1.5071178172854414,1.5071178153175406,,1.507117815982401,,,,,1.5071178173967315,,,,1.4956719605531499,1.5071178154288734,1.5091340341712725,,1.3746996159961444,,,,,,1.3746996160071363,1.631794955348613,,,,,,,,,,,,1.5822201893843821,,,,1.486200265510545,,,,1.631794955348613,,1.28102449074207,1.4862002719520542,,1.4039426431106075,,1.28102449074207,1.28102449074207,,,,,,,,,,1.4085450615900812,,,1.4865498738988143,1.282565365258515,1.737175589068808,,,,,,,,
84,,,1.472603919959823,1.4726039185376685,,1.4726039172325327,,,,,1.4726039171106762,,,,1.5392965672690646,1.4726039150574468,1.4742812214649137,1.4726039156071078,1.4002600831971646,,,,,,1.4002600831952954,1.5257774967004383,,,,,,,1.5257774967004383,,,,,1.5469255646990805,,,1.5257774967004378,1.5525530720625156,,,,1.5257774967004378,,1.3423021188274946,1.5525530728373256,,1.4600730558842467,,1.3423021188274946,1.3423021188274944,,,,,,,,,,1.3293255420247434,,,1.5525436489737716,1.3423729519779555,,,1.2605420967285887,,,2.0534205208689045,,,
85,,1.4683662233286285,1.6168887543666164,1.6168887585068847,,1.61688875695135,,,,,1.6168887571253658,,,,1.5711644481672085,1.6168887555677838,1.6789380890776686,,1.5984227472053076,,,,,,1.5984227470750936,1.4683662233286285,,,,,,,1.4683662233286285,,,,,1.512766646992853,,,1.4683662233286285,1.6055277483390797,,,,1.4683662233286285,1.5148387604563638,1.3782663096855359,1.605527750256205,,1.5267957673264205,1.3782663096855354,1.3782663096855354,1.4616040896127145,,,,,,,,,,1.6495798376750392,,,1.6042821217231786,1.377331964574639,1.8682963651270872,,,,,,,,
86,,,1.920183140364309,1.9201831414577872,,1.9201831428162124,,1.9201831440352077,,,1.920183152847678,,,1.920183151388335,1.4900777772516138,1.920183149375162,1.9430363838933113,1.9201831448317601,,,,,,,1.5871465951102834,,1.7245761238234918,,,,2.329801545618335,,,,,,,,,,,,1.8731862428031274,,,,1.5916117345261713,1.8731862428031276,2.0785932939514433,,1.890788447176093,1.8731862428031278,,1.8766041506191797,,,,,,,,,,,,,2.078593295366178,1.873186242803128,,1.3771385748437965,,,,,2.1790951657150552,2.1790951657150552,1.4822767947854174
87,,,1.9606424574728913,1.9606424538888527,,1.960642458833378,,1.9606424529162634,,,1.9606424572592052,,,1.9606424548361416,,1.9606424544542063,1.9994046348103742,1.9606424576774584,1.8719319567568444,,,,,,1.8719319567568442,,1.8239530593812785,,,,,,,,,,,1.6777317677943318,,,,,1.8950812697069495,,,,1.6974451915441255,1.8950812697069495,1.8902704622121678,,1.8766988985973894,1.8950812697069495,,1.9006486732272712,,,,,,,,,,,,,1.8902704622398183,1.8950812697069495,,1.2485283269622023,,,,,1.8884603542599803,1.88846035425998,1.535587201084738
88,,,1.516077337203192,1.5160773454583722,,1.5160773375015655,,1.5160773427058811,1.6555270060290983,,,,,1.516077340181386,,1.5160773407257049,1.6153967823902458,1.5160773437565842,1.9965254819534408,,,,,,1.9965254819534406,,,,,,,,,,,,,1.669713168150155,,,,1.4762039596634668,1.5336648961104746,,,,1.7503097836109833,1.5336648961104749,1.4762039599007082,,1.6216860710302716,1.5336648961104749,,1.5498966609884464,,,,,,,,,,,,,1.4761531000494277,1.5333781073956019,1.7391865417515533,1.5330722081414117,,,,,1.4619591317295861,1.4619591317295864,1.6220866018029334
89,,,1.9673634725403666,1.9673634767931385,,1.9673634729096683,,1.9673634775327997,,,1.9673634729386187,,,1.9673634737954926,,1.967363474948672,1.9665289380264943,1.9673634702580303,1.8228531870200104,,,,,,1.8228531870200104,,1.791526043837092,,,,,,,,,,,1.8113397632623238,,,,1.723503819135678,1.9940514594199623,,,,,1.9940514594199623,1.7235038207569398,,1.8689549893503523,1.9940514594199628,,1.9940514594199623,,,,,,,,,,,,,1.7235038197027903,1.9940514594199623,,1.0840094457422353,,,1.6819521208312125,1.4051513304878722,1.637233461851893,1.637233461851893,1.7373045962425806
90,,,1.8759686857375648,1.8759686855526412,,1.8759686874867925,,1.8759686864372185,1.9195584745882015,,,,,1.8759686907086288,1.9777920821603543,1.8759686896588623,1.9519552798094484,1.8759686859055489,2.275407344238801,,,,,,2.275407344239272,,1.7642947375818796,,,,,2.1337147215085324,,,,2.133714721508532,,1.982188709179096,,,,1.6774766150892548,1.874866956915526,,,2.133714721508532,1.8326094390809742,1.8748669569155263,1.677476614183365,,1.8111848660835714,1.874866956915526,,1.8913405467240425,,,,,,,,,,2.151698155265319,,,1.677476616488613,1.8748669569155259,,1.7357610591756076,,,2.249104651635325,2.584776575344379,1.6291373192978802,1.6291373192978802,1.7308577909684504
91,,,1.935603118909558,1.9356031195946235,,1.9356031191426741,,1.9356031165221834,,,,,,1.935603120803575,1.8579162077141222,1.935603121388032,1.9323501600548956,1.9356031192101462,1.9319973549436904,,,,,,1.9319973549294607,,1.7021885473256042,,,,2.152003604280143,2.1520036042801434,,,,,,1.849851489846587,,,,1.7062565428265604,1.9430434986967082,,,2.1520036042801434,,1.943043498696708,1.7062565416607955,,1.841840058384506,1.943043498696708,1.943043498696708,1.943043498696708,,,,,,,,,,,,,1.7062565418793336,1.9430434986967078,,1.565984782242145,,,1.7298556406561878,1.4063270483154284,,1.586962335806129,1.872307530855152
92,,,1.75203169522064,,,1.7520316985857363,,1.752031698502622,,,1.7520316950061718,,1.7520316965306897,1.7520316967523015,1.7797615335085701,1.7520316892342622,1.7520316937495253,1.7520316964859233,,,,,,,,,1.5993270898326013,,,,,,,,,,,1.7146666469853762,,,,,,,,1.7016348977734121,,,,,1.7144122231222383,,,1.8575731940132671,,,,,,,,,,,,,,1.8575731940132674,,,,,,,,,
93,,,1.907604300018301,,,1.9076042905822939,,1.907604287954119,,,1.9076042888373979,,1.907604293867661,1.9076043009131145,1.6567219670835207,1.9076042931891262,1.9093725265299004,1.907604282929872,1.5137526101172223,,,,,,1.5137526101172223,,1.6519520630225957,,,,,,,,,,,,,,,1.910493121212811,,,,1.7172460501862894,,,1.9104931212007314,,1.8372920133374833,,1.8793598809317742,1.8793598809317742,,,,,,,,,,,,,,1.8793598809317742,,,,,1.996460834008738,,,,
94,,,1.847182516900874,,,1.8471825127105115,,1.847182510130149,,,1.8471825208284582,,1.8471825154655952,1.8471825132573754,1.5498146985110492,1.847182515063642,1.8693119106093896,1.8471825180723278,1.677667555196029,,,,,,1.6776675550196318,,1.6660560653334087,,,,,2.020726958751005,2.020726958751005,,,,,1.538207055928221,,,,1.7739095310686872,,,,2.020726958751005,1.7046204458299448,,1.7739095307541697,,1.78092727596327,1.8298027947184532,1.829802794718453,1.8470180101519333,,,,,,,,,,2.073974736881558,,,1.773909531009566,1.8298027947184532,,,,,,,,,
95,,,1.8626128161706947,,,1.8626128227531689,,,,,1.8626128217072786,,1.862612814597256,1.8626128097186245,1.7110574626684185,1.8626128146007337,1.9020651855245296,1.8626128190464968,1.6125389745832612,,,,,,1.612538974497537,,1.5994563104914146,,,,1.3680135857129685,,1.3680135857129685,1.3680135857129687,,1.3680135857129685,,1.4045986961728933,,,1.3680135857129685,2.2272936199406157,,,,1.3680135857129687,1.6711008727726466,,2.227293611509104,,1.8797592849912608,,,1.8439073141508262,,,,,,,,,,2.366770892400285,1.9252091897913761,,,,,,,,,,,,
96,,,1.4853162408978133,,,1.4853162412144731,,1.4853162408689902,1.5781278988504484,1.6255059213523844,1.4853162412717273,,,1.4853162405627809,,1.485316240815995,1.5332346303235562,,1.8298325187741509,,1.830225124010704,,,,,,,,,,,,,,,,,1.8021710238111925,,,,1.521810301104751,,,,,1.7189975294073403,1.476383030912956,1.5218103014436695,,1.506738164854096,,1.4763830309129564,1.5167177061317814,,,,,,,,,,1.5803171886208758,,,1.5218103012731379,1.4763830309129564,1.9839889042702845,1.849643471175634,,,,,,,
97,,,1.463448409768008,,,1.4634484134390149,,1.4634484146387552,1.625299084797529,1.7949847345910628,1.463448410723355,,,1.4634484090494773,,1.463448415000401,1.5156785356079114,,2.037266159195884,,,,,,,,,,,,,,,,,,,1.8740118375302202,,,,,,,,,1.8067242703856679,1.4598496719702938,1.4599360812706068,,1.5468713552055777,,1.459849671970294,1.4844469431417924,,,,,,,,,,1.4738651286517408,1.654036667350032,,1.4599360812709135,1.4598496719702938,,1.692724617892283,,,,,,,
98,,1.4697484551484001,2.0157002399529267,,,2.0157002413610146,,,1.9512805805517095,,2.0157002555668853,,,,1.8274012072593155,2.01570024371738,2.0160325212975656,,,,,,,,1.5980612404185675,,1.5995978036207088,,,,,,1.4697484551484,,,1.4697484551484001,,1.745500270949858,1.4697484551484,,1.4697484551484004,1.9566164686098355,,,,1.4697484551484001,,1.8291897395917838,1.9566164708121032,,1.8596669110105528,1.829189739591784,1.8291897395917842,1.8291897395917842,,,,,,,,,,,,,1.9566164705534157,1.8291897395917842,,,,,2.1359868280894037,,,,
99,1.5351265620953116,,,,,,,,,,,,,,,1.331909629122254,1.3319403166300943,,,,,,,,1.7534029864307612,,,1.8097977044958935,,,,,,,1.622715485226028,,,,,,,,,1.8823621656431366,,,1.5967069748914822,,,,,2.344626636124805,,1.938993165166185,,,,,,,,1.9570323326229493,,,,1.3662414181387057,,,,,,,1.395055506612871,1.608704769921915,1.957032332622949,1.9570323326229493,1.9872353326439813
100,1.2432063747969002,,,,,,,,,,,,,,,,,,,,,,,,1.4909312817606533,,,,,,,,,,,,,,,,,,,1.76944339053197,,,1.2486404944551883,,,,,,,1.900206952008027,,,,,,,,1.7869625741354933,,,,1.244219707308977,2.3011434647338804,,,,,,1.2652413129249913,1.4441082125635543,1.7869625741354929,1.7869625741354933,1.5793480011670789
101,,,1.5734227652365251,,,,,,,,,,,,,,,,,,,,,,1.5797194268059214,,,,,,,,,,,,,,,1.073242517910336,,,,1.7907629894386818,,,1.5712209150575944,,,,,,,2.230912603409045,,,,,,,,,,,,1.3527104990947285,1.9620333080938497,2.2375650984476767,,,,,1.353108929156306,1.3585421276950866,1.7386362426970798,1.7386362426970794,1.8424032800433727
102,,,,,,,,,,,,,,,,,1.6120206644186168,,,,,,,,2.4542332608425492,,,,,,,,,,,,,,,2.007824844497184,,,,1.8338493538021288,,,2.0855273965390513,,,,1.9533766671848525,,,2.421480090668421,,,,1.8282931575305514,,,,,,,,1.8269701516725343,2.137740559244862,2.4202210477780657,,,,,2.069399153318287,1.7932365762838993,1.825763214934575,1.8257632149345748,1.95250077090513
103,,,,,,,,,,,,,,,,,,,2.547478054674433,,,,,,2.547478054674433,,,,,,,,,,,,,,,1.1291626386295033,,,,1.8035404562193404,,,1.9150732591921962,,,,2.015052596334883,,,2.2666025668728897,,,,,,,,,,,,2.160535338556097,1.9138047462614263,2.2624697690941713,,,,,1.957614098028094,2.1545676611287314,,1.8077968728800373,1.8099216907971276
